<?xml version="1.0" encoding="UTF-16" standalone="yes"?>
<yaf>
    <globals background="0 0 0 1" ambient="1 1 1 1" /> 

    <fog color="1.0 1.0 1.0 1.0" near="0.0" far="400.0" />

    <cameras initial="cam1" > 
        <perspective id="cam1" 
            angle="60" 
            near="0.1" 
            far="1000" 
            location="15 15 15" 
            target="0 0.0 0" /> 

        <orthogonal id="cam2" 
            near="0.1" 
            far="1000" 
            location="0 15 15" 
            target="0.0 15 0.0" 
            left="-5" 
            right="5" 
            bottom="-5" 
            top="-5" /> 
    </cameras> 


    <skybox size="400 400 400" center="0 0 0" emissive="0.5 0.5 0.5 1.0" intensity="0.2" up="./textures/darkSky.jpg" down="./textures/skyWithSea.png" left="./textures/skyWithSea.png" right="./textures/skyWithSea.png" front="./textures/skyWithSea.png" back="./textures/skyWithSea.png"/>

    <textures>        
        <texture id="racetrackTex" filepath="scenes/scene1/textures/roadAsphalt.jpeg" />
        <texture id="hudTex" filepath="scenes/scene1/textures/superMario.jpg" />
        <texture id="floorTex" filepath="scenes/scene1/textures/grass.jpg" />
    </textures> 


    <materials> 
        <material id="racetrackApp" 
            color="0.8 0.8 0.8 1.0" 
            emissive="0.0 0.0 0.0 0.0" 
			specular="0 0 0 0" 
            shininess="10" 
            textureref="racetrackTex" 
            texlength_s="1" 
            texlength_t="1" />

        <material id="hudApp" 
            color="0.8 0.8 0.8 1.0" 
            emissive="0.0 0.0 0.0 0.0" 
			specular="0 0 0 0" 
            shininess="10" 
            textureref="hudTex" 
            texlength_s="1" 
            texlength_t="1" />

        <material id="grassApp" 
            color="0.8 0.8 0.8 1.0" 
            emissive="0.0 0.0 0.0 0.0" 
			specular="0 0 0 0" 
            shininess="10" 
            textureref="floorTex" 
            texlength_s="20000" 
            texlength_t="20000" />
    </materials> 


    <racetrack id="track1" width="8" texture="scenes/scene1/textures/roadAsphalt.jpeg" >
        <path>
            <point value2="22.86 -44.96"/>
            <point value2="-40.34 -153.56"/>
            <point value2="-42.94 -155.56"/>
            <point value2="-47.46 -156.36"/>
            <point value2="-51.38 -155.68"/>
            <point value2="-55.1 -153.4"/>
            <point value2="-67.86 -137.12"/>
            <point value2="-91.1 -121.12"/>
            <point value2="-109.82 -109.4"/>
            <point value2="-113.66 -105.68"/>
            <point value2="-115.02 -102.24"/>
            <point value2="-114.42 -97.44"/>
            <point value2="-105.1 -72.84"/>
            <point value2="-93.02 -45.92"/>
            <point value2="-89.94 -42.88"/>
            <point value2="-85.14 -41.2"/>
            <point value2="-79.14 -41.72"/>
            <point value2="-73.94 -44.08"/>
            <point value2="-70.34 -48.16"/>
            <point value2="-69.22 -53.12"/>
            <point value2="-70.46 -62.24"/>
            <point value2="-79.82 -92.56"/>
            <point value2="-79.38 -96.44"/>
            <point value2="-78.58 -99.68"/>
            <point value2="-75.22 -103.36"/>
            <point value2="-70.26 -105.44"/>
            <point value2="-66.1 -106.08"/>
            <point value2="-59.9 -105.48"/>
            <point value2="-55.06 -102.96"/>
            <point value2="-51.54 -99.16"/>
            <point value2="-49.98 -95.36"/>
            <point value2="-32.7 -29.36"/>
            <point value2="-31.14 -26.44"/>
            <point value2="-28.1 -23.36"/>
            <point value2="76.7 80.16"/>
            <point value2="78.86 84.12"/>
            <point value2="78.86 87.28"/>
            <point value2="77.74 90.72"/>
            <point value2="74.34 94.56"/>
            <point value2="70.94 96.68"/>
            <point value2="64.94 98.56"/>
            <point value2="58.74 99.4"/>
            <point value2="52.46 99.4"/>
            <point value2="47.26 98.56"/>
            <point value2="41.38 96.52"/>
            <point value2="36.78 93.88"/>
            <point value2="-40.54 18.72"/>
            <point value2="-44.38 16.96"/>
            <point value2="-49.82 16.0"/>
            <point value2="-53.98 16.24"/>
            <point value2="-58.62 17.28"/>
            <point value2="-61.98 19.2"/>
            <point value2="-65.74 22.32"/>
            <point value2="-68.34 26.6"/>
            <point value2="-70.1 31.36"/>
            <point value2="-79.26 91.48"/>
            <point value2="-79.14 95.24"/>
            <point value2="-78.26 98.96"/>
            <point value2="-76.34 102.88"/>
            <point value2="-71.46 106.88"/>
            <point value2="-64.26 110.56"/>
            <point value2="-43.26 116.8"/>
            <point value2="-17.22 122.44"/>
            <point value2="-5.46 122.2"/>
            <point value2="16.3 117.08"/>
            <point value2="22.54 116.96"/>
            <point value2="27.74 118.8"/>
            <point value2="32.02 123.72"/>
            <point value2="40.26 141.6"/>
            <point value2="45.22 146.88"/>
            <point value2="53.02 151.8"/>
            <point value2="60.66 154.96"/>
            <point value2="72.06 156.36"/>
            <point value2="81.42 155.2"/>
            <point value2="92.02 152.04"/>
            <point value2="100.5 147.2"/>
            <point value2="107.26 141.12"/>
            <point value2="111.66 135.36"/>
            <point value2="114.38 127.24"/>
            <point value2="115.02 120.72"/>
            <point value2="113.82 112.96"/>
            <point value2="110.3 105.6"/>
            <point value2="22.86 -44.96"/>
        </path>
        <powerups>
            <powerup value2="1 0" radius="3.0"/>
            <powerup value2="2 1" radius="3.0"/>
            <powerup value2="4 1" radius="3.0"/>
        </powerups>

        <obstacles>
            <obstacle value2="0 1" radius="3.0"/>
            <obstacle value2="1 2" radius="3.0"/>
            <obstacle value2="3 2" radius="3.0"/>
        </obstacles>
        
        <routes>
            <route>
                <point value2="0 0"/>
                <point value2="1 1"/>
                <point value2="3 1"/>
                <point value2="6 0"/>
                <point value2="3 -1"/>
                <point value2="1 -1"/>
            </route>
        </routes>
    </racetrack>

    <hud id="hud1">

        <timeElapsed>
            <time timeFloat="0.0"/> 
        </timeElapsed>

        <laps>
            <lap value="1" />
        </laps>

        <speedometer>
            <speed value="0" />
        </speedometer>

        <timeLeftBenefit>
            <time timeFloat="0.0" />
        </timeLeftBenefit>

        <timeLeftPenalty>
            <time timeFloat="0.0" />
        </timeLeftPenalty>
            
        <states>
            <state stateValue="pause" />
        </states>

    </hud>

    <graph rootid="scene">
        <node id="defaultWheelLeft">
            <transforms>
                <rotate value3="0 0 0" />
            </transforms>
            <children>
                <primitive>
                    <model3d filepath="scenes/scene1/models/wheels/wheelDefault.glb" />
                </primitive>
            </children>
        </node>
        <node id="defaultWheelRight">
            <transforms>
                <rotate value3="0 3.1416 0" />
            </transforms>
            <children>
                <primitive>
                    <model3d filepath="scenes/scene1/models/wheels/wheelDefault.glb" />
                </primitive>
            </children>
        </node>
      


        <node id="racingWheelLeft">
            <transforms>
                <rotate value3="0 0 0" />
            </transforms>
            <children>
                <primitive>
                    <model3d filepath="scenes/scene1/models/wheels/wheelRacing.glb" />
                </primitive>
            </children>
        </node>
        <node id="racingWheelRight">
            <transforms>
                <rotate value3="0 3.1416 0" />
            </transforms>
            <children>
                <primitive>
                    <model3d filepath="scenes/scene1/models/wheels/wheelRacing.glb" />
                </primitive>
            </children>
        </node>


        <node id="hatchback">
            <transforms>
                <translate value3="0 0 0.81" />
                <rotate value3="0 3.1416 0" />
            </transforms>

            <children>
                <primitive>
                    <model3d filepath="scenes/scene1/models/race_hatchback.glb" />
                </primitive>
            </children>
        </node>

        <node id="hatchback-fl-wheel">
            <transforms>
                <translate value3="-0.50 0.3 1.62" />
            </transforms>

            <children>
                <noderef id="defaultWheelLeft" />
            </children>
        </node>
        <node id="hatchback-fr-wheel">
            <transforms>
                <translate value3="0.50 0.3 1.62" />
            </transforms>

            <children>
                <noderef id="defaultWheelRight" />
            </children>
        </node>
        <node id="hatchback-rl-wheel">
            <transforms>
                <translate value3="-0.50 0.3 0" />
            </transforms>
            <children>
                <noderef id="defaultWheelLeft" />
            </children>
        </node>
        <node id="hatchback-rr-wheel">
            <transforms>
                <translate value3="0.50 0.3 0" />
            </transforms>
            <children>
                <noderef id="defaultWheelRight" />
            </children>
        </node>


        <node id="race">
            <transforms>
                <translate value3="0 0 0.81" />
                <rotate value3="0 3.1416 0" />
            </transforms>

            <children>
                <primitive>
                    <model3d filepath="scenes/scene1/models/race.glb" />
                </primitive>
            </children>
        </node>

        <node id="race-fl-wheel">
            <transforms>
                <translate value3="-0.50 0.3 1.46" />
            </transforms>

            <children>
                <noderef id="racingWheelLeft" />
            </children>
        </node>
        <node id="race-fr-wheel">
            <transforms>
                <translate value3="0.50 0.3 1.46" />
            </transforms>

            <children>
                <noderef id="racingWheelRight" />
            </children>
        </node>
        <node id="race-rl-wheel">
            <transforms>
                <translate value3="-0.50 0.3 0" />
            </transforms>
            <children>
                <noderef id="racingWheelLeft" />
            </children>
        </node>
        <node id="race-rr-wheel">
            <transforms>
                <translate value3="0.50 0.3 0" />
            </transforms>
            <children>
                <noderef id="racingWheelRight" />
            </children>
        </node>
        
        <node id="defaultTreeR1">
                <transforms>
                    <scale value3="3 3 3" />
                    <translate value3="2 0.1 -3" />
                </transforms>
                <children>
                    <primitive>
                        <model3d filepath="scenes/scene1/models/trees/tree_simple_dark.glb" />
                    </primitive>
                </children>
        </node>

        <node id="defaultTreeR2">
                <transforms>
                    <scale value3="3 3 3" />
                    <translate value3="4 0.1 -1" />
                </transforms>
                <children>
                    <primitive>
                        <model3d filepath="scenes/scene1/models/trees/tree_simple_dark.glb" />
                    </primitive>
                </children>
        </node>

        <node id="defaultTreeR3">
                <transforms>
                    <scale value3="3 3 3" />
                    <translate value3="6 0.1 1" />
                </transforms>
                <children>
                    <primitive>
                        <model3d filepath="scenes/scene1/models/trees/tree_simple_dark.glb" />
                    </primitive>
                </children>
        </node>

        <node id="defaultTreeR4">
                <transforms>
                    <scale value3="3 3 3" />
                    <translate value3="8 0.1 3" />
                </transforms>
                <children>
                    <primitive>
                        <model3d filepath="scenes/scene1/models/trees/tree_simple_dark.glb" />
                    </primitive>
                </children>
        </node>

        <node id="defaultTreeR5">
                <transforms>
                    <scale value3="3 3 3" />
                    <translate value3="10 0.1 5" />
                </transforms>
                <children>
                    <primitive>
                        <model3d filepath="scenes/scene1/models/trees/tree_simple_dark.glb" />
                    </primitive>
                </children>
        </node>

        <node id="defaultTreeR6">
                <transforms>
                    <scale value3="3 3 3" />
                    <translate value3="12 0.1 7" />
                </transforms>
                <children>
                    <primitive>
                        <model3d filepath="scenes/scene1/models/trees/tree_simple_dark.glb" />
                    </primitive>
                </children>
        </node>

        <node id="defaultTreeR7">
                <transforms>
                    <scale value3="3 3 3" />
                    <translate value3="14 0.1 9" />
                </transforms>
                <children>
                    <primitive>
                        <model3d filepath="scenes/scene1/models/trees/tree_simple_dark.glb" />
                    </primitive>
                </children>
        </node>

        <node id="defaultTreeR8">
                <transforms>
                    <scale value3="3 3 3" />
                    <translate value3="16 0.1 11" />
                </transforms>
                <children>
                    <primitive>
                        <model3d filepath="scenes/scene1/models/trees/tree_simple_dark.glb" />
                    </primitive>
                </children>
        </node>

        <node id="defaultTreeR9">
                <transforms>
                    <scale value3="3 3 3" />
                    <translate value3="18 0.1 13" />
                </transforms>
                <children>
                    <primitive>
                        <model3d filepath="scenes/scene1/models/trees/tree_simple_dark.glb" />
                    </primitive>
                </children>
        </node>

        <node id="defaultTreeR10">
                <transforms>
                    <scale value3="3 3 3" />
                    <translate value3="20 0.1 15" />
                </transforms>
                <children>
                    <primitive>
                        <model3d filepath="scenes/scene1/models/trees/tree_simple_dark.glb" />
                    </primitive>
                </children>
        </node>

        <node id="defaultTreeR11">
                <transforms>
                    <scale value3="3 3 3" />
                    <translate value3="22 0.1 17" />
                </transforms>
                <children>
                    <primitive>
                        <model3d filepath="scenes/scene1/models/trees/tree_simple_dark.glb" />
                    </primitive>
                </children>
        </node>

        <node id="defaultTreeR12">
                <transforms>
                    <scale value3="3 3 3" />
                    <translate value3="24 0.1 19" />
                </transforms>
                <children>
                    <primitive>
                        <model3d filepath="scenes/scene1/models/trees/tree_simple_dark.glb" />
                    </primitive>
                </children>
        </node>

        <node id="defaultTreeR13">
                <transforms>
                    <scale value3="3 3 3" />
                    <translate value3="26 0.1 21" />
                </transforms>
                <children>
                    <primitive>
                        <model3d filepath="scenes/scene1/models/trees/tree_simple_dark.glb" />
                    </primitive>
                </children>
        </node>

        <node id="defaultTreeR14">
                <transforms>
                    <scale value3="3 3 3" />
                    <translate value3="28 0.1 23" />
                </transforms>
                <children>
                    <primitive>
                        <model3d filepath="scenes/scene1/models/trees/tree_simple_dark.glb" />
                    </primitive>
                </children>
        </node>

        <node id="defaultTreeR15">
                <transforms>
                    <scale value3="3 3 3" />
                    <translate value3="30 0.1 25" />
                </transforms>
                <children>
                    <primitive>
                        <model3d filepath="scenes/scene1/models/trees/tree_simple_dark.glb" />
                    </primitive>
                </children>
        </node>

        <node id="defaultTreeR16">
                <transforms>
                    <scale value3="3 3 3" />
                    <translate value3="32 0.1 27" />
                </transforms>
                <children>
                    <primitive>
                        <model3d filepath="scenes/scene1/models/trees/tree_simple_dark.glb" />
                    </primitive>
                </children>
        </node>

        <node id="defaultTreeR17">
                <transforms>
                    <scale value3="3 3 3" />
                    <translate value3="0 0.1 -5" />
                </transforms>
                <children>
                    <primitive>
                        <model3d filepath="scenes/scene1/models/trees/tree_simple_dark.glb" />
                    </primitive>
                </children>
        </node>

        <node id="defaultTreeR18">
                <transforms>
                    <scale value3="3 3 3" />
                    <translate value3="-2 0.1 -7" />
                </transforms>
                <children>
                    <primitive>
                        <model3d filepath="scenes/scene1/models/trees/tree_simple_dark.glb" />
                    </primitive>
                </children>
        </node>

        <node id="defaultTreeR19">
                <transforms>
                    <scale value3="3 3 3" />
                    <translate value3="-4 0.1 -9" />
                </transforms>
                <children>
                    <primitive>
                        <model3d filepath="scenes/scene1/models/trees/tree_simple_dark.glb" />
                    </primitive>
                </children>
        </node>

        <node id="defaultTreeR20">
                <transforms>
                    <scale value3="3 3 3" />
                    <translate value3="-6 0.1 -11" />
                </transforms>
                <children>
                    <primitive>
                        <model3d filepath="scenes/scene1/models/trees/tree_simple_dark.glb" />
                    </primitive>
                </children>
        </node>

        <node id="defaultTreeR21">
                <transforms>
                    <scale value3="3 3 3" />
                    <translate value3="-8 0.1 -13" />
                </transforms>
                <children>
                    <primitive>
                        <model3d filepath="scenes/scene1/models/trees/tree_simple_dark.glb" />
                    </primitive>
                </children>
        </node>

        <node id="defaultTreeL1">
                <transforms>
                    <scale value3="3 3 3" />
                    <translate value3="-2 0.1 7" />
                </transforms>
                <children>
                    <primitive>
                        <model3d filepath="scenes/scene1/models/trees/tree_simple_dark.glb" />
                    </primitive>
                </children>
        </node>

        <node id="defaultTreeL2">
                <transforms>
                    <scale value3="3 3 3" />
                    <translate value3="0 0.1 9" />
                </transforms>
                <children>
                    <primitive>
                        <model3d filepath="scenes/scene1/models/trees/tree_simple_dark.glb" />
                    </primitive>
                </children>
        </node>

        <node id="defaultTreeL3">
                <transforms>
                    <scale value3="3 3 3" />
                    <translate value3="2 0.1 11" />
                </transforms>
                <children>
                    <primitive>
                        <model3d filepath="scenes/scene1/models/trees/tree_simple_dark.glb" />
                    </primitive>
                </children>
        </node>

        <node id="defaultTreeL4">
                <transforms>
                    <scale value3="3 3 3" />
                    <translate value3="4 0.1 13" />
                </transforms>
                <children>
                    <primitive>
                        <model3d filepath="scenes/scene1/models/trees/tree_simple_dark.glb" />
                    </primitive>
                </children>
        </node>

        <node id="defaultTreeL5">
                <transforms>
                    <scale value3="3 3 3" />
                    <translate value3="6 0.1 15" />
                </transforms>
                <children>
                    <primitive>
                        <model3d filepath="scenes/scene1/models/trees/tree_simple_dark.glb" />
                    </primitive>
                </children>
        </node>

        <node id="defaultTreeL6">
                <transforms>
                    <scale value3="3 3 3" />
                    <translate value3="8 0.1 17" />
                </transforms>
                <children>
                    <primitive>
                        <model3d filepath="scenes/scene1/models/trees/tree_simple_dark.glb" />
                    </primitive>
                </children>
        </node>

        <node id="defaultTreeL7">
                <transforms>
                    <scale value3="3 3 3" />
                    <translate value3="10 0.1 19" />
                </transforms>
                <children>
                    <primitive>
                        <model3d filepath="scenes/scene1/models/trees/tree_simple_dark.glb" />
                    </primitive>
                </children>
        </node>

        <node id="defaultTreeL8">
                <transforms>
                    <scale value3="3 3 3" />
                    <translate value3="12 0.1 21" />
                </transforms>
                <children>
                    <primitive>
                        <model3d filepath="scenes/scene1/models/trees/tree_simple_dark.glb" />
                    </primitive>
                </children>
        </node>

        <node id="defaultTreeL9">
                <transforms>
                    <scale value3="3 3 3" />
                    <translate value3="14 0.1 23" />
                </transforms>
                <children>
                    <primitive>
                        <model3d filepath="scenes/scene1/models/trees/tree_simple_dark.glb" />
                    </primitive>
                </children>
        </node>

        <node id="defaultTreeL10">
                <transforms>
                    <scale value3="3 3 3" />
                    <translate value3="16 0.1 25" />
                </transforms>
                <children>
                    <primitive>
                        <model3d filepath="scenes/scene1/models/trees/tree_simple_dark.glb" />
                    </primitive>
                </children>
        </node>

        <node id="defaultTreeL11">
                <transforms>
                    <scale value3="3 3 3" />
                    <translate value3="18 0.1 27" />
                </transforms>
                <children>
                    <primitive>
                        <model3d filepath="scenes/scene1/models/trees/tree_simple_dark.glb" />
                    </primitive>
                </children>
        </node>

        <node id="defaultTreeL12">
                <transforms>
                    <scale value3="3 3 3" />
                    <translate value3="20 0.1 29" />
                </transforms>
                <children>
                    <primitive>
                        <model3d filepath="scenes/scene1/models/trees/tree_simple_dark.glb" />
                    </primitive>
                </children>
        </node>

        <node id="defaultTreeL13">
                <transforms>
                    <scale value3="3 3 3" />
                    <translate value3="22 0.1 31" />
                </transforms>
                <children>
                    <primitive>
                        <model3d filepath="scenes/scene1/models/trees/tree_simple_dark.glb" />
                    </primitive>
                </children>
        </node>

        <node id="defaultTreeL14">
                <transforms>
                    <scale value3="3 3 3" />
                    <translate value3="24 0.1 33" />
                </transforms>
                <children>
                    <primitive>
                        <model3d filepath="scenes/scene1/models/trees/tree_simple_dark.glb" />
                    </primitive>
                </children>
        </node>

        <node id="defaultTreeL15">
                <transforms>
                    <scale value3="3 3 3" />
                    <translate value3="26 0.1 35" />
                </transforms>
                <children>
                    <primitive>
                        <model3d filepath="scenes/scene1/models/trees/tree_simple_dark.glb" />
                    </primitive>
                </children>
        </node>

        <node id="defaultTreeL16">
                <transforms>
                    <scale value3="3 3 3" />
                    <translate value3="28 0.1 37" />
                </transforms>
                <children>
                    <primitive>
                        <model3d filepath="scenes/scene1/models/trees/tree_simple_dark.glb" />
                    </primitive>
                </children>
        </node>

        <node id="defaultTreeL17">
                <transforms>
                    <scale value3="3 3 3" />
                    <translate value3="30 0.1 39" />
                </transforms>
                <children>
                    <primitive>
                        <model3d filepath="scenes/scene1/models/trees/tree_simple_dark.glb" />
                    </primitive>
                </children>
        </node>

        <node id="defaultTreeL18">
                <transforms>
                    <scale value3="3 3 3" />
                    <translate value3="32 0.1 41" />
                </transforms>
                <children>
                    <primitive>
                        <model3d filepath="scenes/scene1/models/trees/tree_simple_dark.glb" />
                    </primitive>
                </children>
        </node>

        <node id="defaultTreeL19">
                <transforms>
                    <scale value3="3 3 3" />
                    <translate value3="34 0.1 43" />
                </transforms>
                <children>
                    <primitive>
                        <model3d filepath="scenes/scene1/models/trees/tree_simple_dark.glb" />
                    </primitive>
                </children>
        </node>

        <node id="defaultTreeL20">
                <transforms>
                    <scale value3="3 3 3" />
                    <translate value3="-4 0.1 5" />
                </transforms>
                <children>
                    <primitive>
                        <model3d filepath="scenes/scene1/models/trees/tree_simple_dark.glb" />
                    </primitive>
                </children>
        </node>

        <node id="defaultTreeL21">
                <transforms>
                    <scale value3="3 3 3" />
                    <translate value3="-6 0.1 3" />
                </transforms>
                <children>
                    <primitive>
                        <model3d filepath="scenes/scene1/models/trees/tree_simple_dark.glb" />
                    </primitive>
                </children>
        </node>

        <node id="defaultTreeL22">
                <transforms>
                    <scale value3="3 3 3" />
                    <translate value3="-8 0.1 1" />
                </transforms>
                <children>
                    <primitive>
                        <model3d filepath="scenes/scene1/models/trees/tree_simple_dark.glb" />
                    </primitive>
                </children>
        </node>

        <node id="defaultTreeL23">
                <transforms>
                    <scale value3="3 3 3" />
                    <translate value3="-10 0.1 -1" />
                </transforms>
                <children>
                    <primitive>
                        <model3d filepath="scenes/scene1/models/trees/tree_simple_dark.glb" />
                    </primitive>
                </children>
        </node>

        <node id="defaultTreeL25">
                <transforms>
                    <scale value3="3 3 3" />
                    <translate value3="-12 0.1 -3" />
                </transforms>
                <children>
                    <primitive>
                        <model3d filepath="scenes/scene1/models/trees/tree_simple_dark.glb" />
                    </primitive>
                </children>
        </node>

        <node id="defaultTreeL26">
                <transforms>
                    <scale value3="3 3 3" />
                    <translate value3="-14 0.1 -5" />
                </transforms>
                <children>
                    <primitive>
                        <model3d filepath="scenes/scene1/models/trees/tree_simple_dark.glb" />
                    </primitive>
                </children>
        </node>

        <node id="defaultTreeL27">
                <transforms>
                    <scale value3="3 3 3" />
                    <translate value3="-16 0.1 -7" />
                </transforms>
                <children>
                    <primitive>
                        <model3d filepath="scenes/scene1/models/trees/tree_simple_dark.glb" />
                    </primitive>
                </children>
        </node>

        <node id="largeTree1">
                <transforms>
                    <scale value3="7 7 7" />
                    <translate value3="-15 0.1 -85" />
                </transforms>
                <children>
                    <primitive>
                        <model3d filepath="scenes/scene1/models/trees/treeLarge.glb" />
                    </primitive>
                </children>
        </node>

        <node id="largeTree2">
                <transforms>
                    <scale value3="7 7 7" />
                    <translate value3="-12 0.1 -80" />
                </transforms>
                <children>
                    <primitive>
                        <model3d filepath="scenes/scene1/models/trees/treeLarge.glb" />
                    </primitive>
                </children>
        </node>

        <node id="largeTree3">
                <transforms>
                    <scale value3="7 7 7" />
                    <translate value3="-9 0.1 -75" />
                </transforms>
                <children>
                    <primitive>
                        <model3d filepath="scenes/scene1/models/trees/treeLarge.glb" />
                    </primitive>
                </children>
        </node>

        <!--<node id="bush1">
                <transforms>
                    <scale value3="7 7 7" />
                    <translate value3="-9 0.1 -75" />
                </transforms>
                <children>
                    <primitive>
                        <model3d filepath="scenes/scene1/models/trees/_bush_1.fbx" />
                    </primitive>
                </children>
        </node>-->

        <node id="grandStand1">
                <transforms>
                    <scale value3="7 7 7" />
                    <rotate value3="0 -1.06 0" />
                    <translate value3="-65 0.1 -22" />
                </transforms>
                <children>
                    <primitive>
                        <model3d filepath="scenes/scene1/models/racing/grandStand.glb" />
                    </primitive>
                </children>
        </node>

        <node id="grandStand2">
                <transforms>
                    <scale value3="7 7 7" />
                    <rotate value3="0 -1.06 0" />
                    <translate value3="-58 0.1 -22" />
                </transforms>
                <children>
                    <primitive>
                        <model3d filepath="scenes/scene1/models/racing/grandStand.glb" />
                    </primitive>
                </children>
        </node>

        <node id="grandStand3">
                <transforms>
                    <scale value3="7 7 7" />
                    <rotate value3="0 -1.06 0" />
                    <translate value3="-51 0.1 -22" />
                </transforms>
                <children>
                    <primitive>
                        <model3d filepath="scenes/scene1/models/racing/grandStand.glb" />
                    </primitive>
                </children>
        </node>

        <node id="grandStand4">
                <transforms>
                    <scale value3="7 7 7" />
                    <rotate value3="0 -1.06 0" />
                    <translate value3="-44 0.1 -22" />
                </transforms>
                <children>
                    <primitive>
                        <model3d filepath="scenes/scene1/models/racing/grandStand.glb" />
                    </primitive>
                </children>
        </node>

        <node id="grandStand5">
                <transforms>
                    <scale value3="7 7 7" />
                    <rotate value3="0 -1.06 0" />
                    <translate value3="-37 0.1 -22" />
                </transforms>
                <children>
                    <primitive>
                        <model3d filepath="scenes/scene1/models/racing/grandStand.glb" />
                    </primitive>
                </children>
        </node>


        <node id="grandStand6">
                <transforms>
                    <scale value3="7 7 7" />
                    <rotate value3="0 -1.06 0" />
                    <translate value3="-30 0.1 -22" />
                </transforms>
                <children>
                    <primitive>
                        <model3d filepath="scenes/scene1/models/racing/grandStand.glb" />
                    </primitive>
                </children>
        </node>

        <node id="grandStand7">
                <transforms>
                    <scale value3="7 7 7" />
                    <rotate value3="0 -1.06 0" />
                    <translate value3="-23 0.1 -22" />
                </transforms>
                <children>
                    <primitive>
                        <model3d filepath="scenes/scene1/models/racing/grandStand.glb" />
                    </primitive>
                </children>
        </node>

        <node id="grandStand8">
                <transforms>
                    <scale value3="7 7 7" />
                    <rotate value3="0 -1.06 0" />
                    <translate value3="-16 0.1 -22" />
                </transforms>
                <children>
                    <primitive>
                        <model3d filepath="scenes/scene1/models/racing/grandStand.glb" />
                    </primitive>
                </children>
        </node>

        <node id="grandStand9">
                <transforms>
                    <scale value3="7 7 7" />
                    <rotate value3="0 -1.06 0" />
                    <translate value3="-9 0.1 -22" />
                </transforms>
                <children>
                    <primitive>
                        <model3d filepath="scenes/scene1/models/racing/grandStand.glb" />
                    </primitive>
                </children>
        </node>

        <node id="grandStand10">
                <transforms>
                    <scale value3="7 7 7" />
                    <rotate value3="0 -1.06 0" />
                    <translate value3="-2 0.1 -22" />
                </transforms>
                <children>
                    <primitive>
                        <model3d filepath="scenes/scene1/models/racing/grandStand.glb" />
                    </primitive>
                </children>
        </node>


        <node id="grandStandRound1">
                <transforms>
                    <scale value3="7 7 7" />
                    <rotate value3="0 0.86 0" /> 
                    <translate value3="50 0.1 -69" /> 
                </transforms>
                <children>
                    <primitive>
                        <model3d filepath="scenes/scene1/models/racing/grandStandRound.glb" />
                    </primitive>
                </children>
        </node>

        <node id="fencePlayerLeft1">
                <transforms>
                    <scale value3="20 7 7" />
                    <translate value3="50 0.1 -62" /> 
                </transforms>
                <children>
                    <primitive>
                        <model3d filepath="scenes/scene1/models/fencing/stone-wall.glb" />
                    </primitive>
                </children>
        </node>

        <node id="floor">
            <transforms>
                <translate value3="0 -0.05 0" />
                <rotate value3="-1.570795 0 0" />
            </transforms>
            <children>
                <primitive>       
                    <rectangle xy1="-200 -200" xy2="200 200" />
                </primitive>
            </children>
            <materialref id="grassApp" /> <!-- Reference to the floor material -->
        </node>

        <node id="scene" castshadows = "true" receiveshadows="true"> 
            <children> 
                <pointlight id="light1" enabled="true" 
                    color="0.5 0.6 0.8 1" 
                    intensity="1.0"
                    distance="1000"
                    decay="2.0"
                    castshadow="false"
                    position="33.75 37.3 33.75" 
                /> 

                <pointlight id="light2" enabled="true" 
                    color="0.5 0.6 0.8 1" 
                    intensity="1.0"
                    distance="1000"
                    decay="2.0"
                    castshadow="false"
                    position="11.25 7.3 3.75"
                /> 
                
                <pointlight id="light3" enabled="true" 
                    color="0.5 0.6 0.8 1" 
                    intensity="1.0"
                    distance="1000"
                    decay="2.0"
                    castshadow="false"
                    position="11.25 7.3 3.75"  
                /> 

                <spotlight id="light4" enabled="true" 
                    color="1.0 1.0 1.0 1" 
                    intensity="1.0"
                    distance="1000"
                    decay="2.0"
                    castshadow="true"
                    position="2 2 4" 
                    target="0 0 0"
                    penumbra="1.0"
                    angle="10.0" 
                /> 

                <directionallight id="light5" enabled="true" 
                    color="1.0 1.0 1.0 1" 
                    intensity="1.0"
                    castshadow="true"
                    position="2 2 4" 
                />

                <!-- <noderef id="hatchback" /> -->
                <noderef id="defaultTreeR1" />
                <noderef id="defaultTreeR2" />
                <noderef id="defaultTreeR3" />
                <noderef id="defaultTreeR4" />
                <noderef id="defaultTreeR5" />
                <noderef id="defaultTreeR6" />
                <noderef id="defaultTreeR7" />
                <noderef id="defaultTreeR8" />
                <noderef id="defaultTreeR9" />
                <noderef id="defaultTreeR10" />
                <noderef id="defaultTreeR11" />
                <noderef id="defaultTreeR12" />
                <noderef id="defaultTreeR13" />
                <noderef id="defaultTreeR14" />
                <noderef id="defaultTreeR15" />
                <noderef id="defaultTreeR16" />
                <noderef id="defaultTreeR17" />
                <noderef id="defaultTreeR18" />
                <noderef id="defaultTreeR19" />
                <noderef id="defaultTreeR20" />
                <noderef id="defaultTreeR21" />
                <noderef id="defaultTreeL1" />
                <noderef id="defaultTreeL2" />
                <noderef id="defaultTreeL3" />
                <noderef id="defaultTreeL4" />
                <noderef id="defaultTreeL5" />
                <noderef id="defaultTreeL6" />
                <noderef id="defaultTreeL7" />
                <noderef id="defaultTreeL8" />
                <noderef id="defaultTreeL9" />
                <noderef id="defaultTreeL10" />
                <noderef id="defaultTreeL11" />
                <noderef id="defaultTreeL12" />
                <noderef id="defaultTreeL13" />
                <noderef id="defaultTreeL14" />
                <noderef id="defaultTreeL15" />
                <noderef id="defaultTreeL16" />
                <noderef id="defaultTreeL17" />
                <noderef id="defaultTreeL18" />
                <noderef id="defaultTreeL19" />
                <noderef id="defaultTreeL20" />
                <noderef id="defaultTreeL21" />
                <noderef id="defaultTreeL22" />
                <noderef id="defaultTreeL23" />
                <noderef id="defaultTreeL24" />
                <noderef id="defaultTreeL25" />
                <noderef id="defaultTreeL26" />
                <noderef id="defaultTreeL27" />
                <noderef id="grandStand1" />
                <noderef id="grandStand2" />
                <noderef id="grandStand3" />
                <noderef id="grandStand4" />
                <noderef id="grandStand5" />
                <noderef id="grandStand6" />
                <noderef id="grandStand7" />
                <noderef id="grandStand8" />
                <noderef id="grandStand9" />
                <noderef id="grandStand10" />
                <noderef id="grandStandRound1" />
                <noderef id="largeTree1" />
                <noderef id="largeTree2" />
                <noderef id="largeTree3" />
                <noderef id="fencePlayerLeft1" />
                <noderef id="floor" />

            </children> 
        </node>

    </graph>

    <car id="race">
        <carcameras initial="cam1">
            <perspective id="third-person" 
                angle="60" 
                near="0.1" 
                far="1000" 
                location="0 5 -10" 
                target="0 0.0 0" />
                <perspective id="first-person" 
                angle="60" 
                near="0.1" 
                far="1000" 
                location="0 1 -1" 
                target="0 0.0 0" />
        </carcameras>


        <collider pos="0 0 0" size="5 2 3" />

        <body>
            <noderef id="race" />
        </body>

        <turnwheels>
            <noderef id="race-fl-wheel" />
            <noderef id="race-fr-wheel" />
        </turnwheels>
        <statwheels>
            <noderef id="race-rl-wheel" />
            <noderef id="race-rr-wheel" />
        </statwheels>
    </car>

    <car id="hatchback">
        <carcameras initial="cam1">
            <perspective id="follow-perpective" 
                angle="60" 
                near="0.1" 
                far="1000" 
                location="0 5 -10" 
                target="0 0.0 0" />
            <perspective id="roof-perspective" 
                angle="60" 
                near="0.1" 
                far="1000" 
                location="0 1.4 0.5" 
                target="0 0.4 5" />
            <perspective id="first-person" 
                angle="60" 
                near="0.1" 
                far="1000" 
                location="0 0.9 1.4" 
                target="0 0.4 5" />
        </carcameras>


        <collider pos="0 0 0" size="5 2 3" />

        <body>
            <noderef id="hatchback" />
        </body>

        <turnwheels>
            <noderef id="hatchback-fl-wheel" />
            <noderef id="hatchback-fr-wheel" />
        </turnwheels>
        <statwheels>
            <noderef id="hatchback-rl-wheel" />
            <noderef id="hatchback-rr-wheel" />
        </statwheels>
    </car>


    <animation id="miata-hello" duration="3" repeat="false">
        <tracks>
            <track id="headlights">
                <noderef value="miata-headlight-l"/>
                <noderef value="miata-headlight-r"/>
            </track>
            <track id="wheels">
                <noderef value="miata-wheel-fl"/>
                <noderef value="miata-wheel-fr"/>
            </track>
        </tracks>

        <timestamps>
            <timestamp value="0">
                <key id="headlights">
                    <rotate value3="0.15 0.97 2.14"/>
                </key>
                <key id="wheels">
                    <rotate value3="0.15 0.97 2.14"/>
                </key>
            </timestamp>

            <timestamp value="1">
                <key id="headlights">
                    <rotate value3="0.15 0.97 2.14"/>
                </key>
            </timestamp>

            <timestamp value="2">
                <key id="headlights">
                    <rotate value3="0.15 0.97 2.14"/>
                </key>
                <key id="wheels">
                    <rotate value3="0.15 0.97 2.14"/>
                </key>
            </timestamp>
        </timestamps>
    </animation>


</yaf>